iso3_a,iso3_b
ABW,CUW
ABW,VEN
AFG,CHN
AFG,IRN
AFG,PAK
AFG,TJK
AFG,TKM
AFG,UZB
AGO,COD
AGO,COG
AGO,NAM
AGO,ZMB
AIA,ATG
AIA,BES
AIA,BLM
AIA,MAF
AIA,VGB
AIA,VIR
ALB,GRC
ALB,ITA
ALB,MKD
ALB,MNE
ALB,SRB
AND,ESP
AND,FRA
ARE,IRN
ARE,OMN
ARE,QAT
ARE,SAU
ARG,BOL
ARG,BRA
ARG,CHL
ARG,FLK
ARG,PRY
ARG,URY
ARM,AZE
ARM,GEO
ARM,IRN
ARM,TUR
ASM,COK
ASM,NIU
ASM,TKL
ASM,TON
ASM,WSM
ATF,HMD
ATF,MDG
ATF,MOZ
ATG,BLM
ATG,GLP
ATG,KNA
ATG,MSR
AUS,IDN
AUS,NCL
AUS,NZL
AUS,PNG
AUS,SLB
AUS,TLS
AUT,CHE
AUT,CZE
AUT,DEU
AUT,HUN
AUT,ITA
AUT,LIE
AUT,SVK
AUT,SVN
AZE,GEO
AZE,IRN
AZE,KAZ
AZE,RUS
AZE,TKM
AZE,TUR
BDI,COD
BDI,RWA
BDI,TZA
BEL,DEU
BEL,FRA
BEL,GBR
BEL,LUX
BEL,NLD
BEN,BFA
BEN,NER
BEN,NGA
BEN,TGO
BES,BLM
BES,CUW
BES,KNA
BES,MAF
BES,SXM
BES,VEN
BES,VIR
BFA,CIV
BFA,GHA
BFA,MLI
BFA,NER
BFA,TGO
BGD,IND
BGD,MMR
BGR,GRC
BGR,MKD
BGR,ROU
BGR,SRB
BGR,TUR
BGR,UKR
BHR,IRN
BHR,QAT
BHR,SAU
BHS,CUB
BHS,HTI
BHS,TCA
BHS,USA
BIH,HRV
BIH,MNE
BIH,SRB
BLM,KNA
BLM,MAF
BLM,SXM
BLR,LTU
BLR,LVA
BLR,POL
BLR,RUS
BLR,UKR
BLZ,GTM
BLZ,HND
BLZ,MEX
BOL,BRA
BOL,CHL
BOL,PER
BOL,PRY
BRA,COL
BRA,GUF
BRA,GUY
BRA,PER
BRA,PRY
BRA,SUR
BRA,URY
BRA,VEN
BRB,GUY
BRB,LCA
BRB,MTQ
BRB,TTO
BRB,VCT
BRN,CHN
BRN,MYS
BTN,CHN
BTN,IND
BWA,NAM
BWA,ZAF
BWA,ZMB
BWA,ZWE
CAF,CMR
CAF,COD
CAF,COG
CAF,SDN
CAF,SSD
CAF,TCD
CAN,GRL
CAN,SPM
CAN,USA
CHE,DEU
CHE,FRA
CHE,ITA
CHE,LIE
CHL,PER
CHN,IDN
CHN,IND
CHN,JPN
CHN,KAZ
CHN,KGZ
CHN,KOR
CHN,LAO
CHN,MMR
CHN,MNG
CHN,MYS
CHN,NPL
CHN,PAK
CHN,PHL
CHN,PRK
CHN,RUS
CHN,TJK
CHN,TWN
CHN,VNM
CIV,GHA
CIV,GIN
CIV,LBR
CIV,MLI
CMR,COG
CMR,GAB
CMR,GNQ
CMR,NGA
CMR,TCD
COD,COG
COD,RWA
COD,SSD
COD,TZA
COD,UGA
COD,ZMB
COG,GAB
COK,KIR
COK,NIU
COK,PYF
COK,TKL
COL,CRI
COL,DOM
COL,ECU
COL,HTI
COL,JAM
COL,NIC
COL,PAN
COL,PER
COL,VEN
COM,MDG
COM,MOZ
COM,MYT
COM,SYC
COM,TZA
CPV,GMB
CPV,MRT
CPV,SEN
CRI,ECU
CRI,NIC
CRI,PAN
CUB,CYM
CUB,HND
CUB,HTI
CUB,JAM
CUB,MEX
CUB,USA
CUW,DOM
CUW,VEN
CXR,IDN
CYM,HND
CYM,JAM
CYP,EGY
CYP,GRC
CYP,ISR
CYP,LBN
CYP,SYR
CYP,TUR
CZE,DEU
CZE,POL
CZE,SVK
DEU,DNK
DEU,FRA
DEU,GBR
DEU,LUX
DEU,NLD
DEU,POL
DEU,SWE
DJI,ERI
DJI,ETH
DJI,SOM
DJI,YEM
DMA,GLP
DMA,MTQ
DMA,VEN
DNK,GBR
DNK,NOR
DNK,POL
DNK,SWE
DOM,HTI
DOM,PRI
DOM,TCA
DOM,VEN
DOM,VGB
DZA,ESH
DZA,ESP
DZA,ITA
DZA,LBY
DZA,MAR
DZA,MLI
DZA,MRT
DZA,NER
DZA,TUN
ECU,PER
EGY,GRC
EGY,ISR
EGY,JOR
EGY,LBY
EGY,PSE
EGY,SAU
EGY,SDN
ERI,ETH
ERI,SAU
ERI,SDN
ERI,YEM
ESH,ESP
ESH,MAR
ESH,MRT
ESP,FRA
ESP,GIB
ESP,ITA
ESP,MAR
ESP,PRT
EST,FIN
EST,LVA
EST,RUS
ETH,KEN
ETH,SDN
ETH,SOM
ETH,SSD
FIN,NOR
FIN,RUS
FIN,SWE
FJI,FRA
FJI,SLB
FJI,TON
FJI,TUV
FJI,VUT
FJI,WLF
FRA,GBR
FRA,GGY
FRA,ITA
FRA,JEY
FRA,LUX
FRA,MCO
FRA,MDG
FRA,MUS
FRA,NCL
FRA,RWA
FRA,SYC
FRA,VUT
FRO,GBR
FRO,ISL
FRO,NOR
FSM,GUM
FSM,MHL
FSM,PLW
FSM,PNG
GAB,GNQ
GAB,STP
GBR,IMN
GBR,IRL
GBR,NLD
GBR,NOR
GEO,RUS
GEO,TUR
GGY,JEY
GHA,TGO
GIN,GNB
GIN,LBR
GIN,MLI
GIN,SEN
GIN,SLE
GLP,MSR
GLP,MTQ
GLP,VEN
GMB,SEN
GNB,SEN
GNQ,NGA
GNQ,STP
GRC,ITA
GRC,LBY
GRC,MKD
GRC,TUR
GRD,TTO
GRD,VCT
GRD,VEN
GRL,ISL
GRL,SJM
GTM,HND
GTM,MEX
GTM,SLV
GUF,SUR
GUM,MNP
GUY,SUR
GUY,TTO
GUY,VEN
HND,JAM
HND,MEX
HND,NIC
HND,SLV
HRV,HUN
HRV,ITA
HRV,MNE
HRV,SRB
HRV,SVN
HTI,JAM
HTI,TCA
HUN,ROU
HUN,SRB
HUN,SVK
HUN,SVN
HUN,UKR
IDN,IND
IDN,MYS
IDN,PHL
IDN,PLW
IDN,PNG
IDN,SGP
IDN,THA
IDN,TLS
IDN,VNM
IND,LKA
IND,MDV
IND,MMR
IND,NPL
IND,PAK
IND,THA
IRN,IRQ
IRN,KWT
IRN,OMN
IRN,PAK
IRN,QAT
IRN,SAU
IRN,TKM
IRN,TUR
IRQ,JOR
IRQ,KWT
IRQ,SAU
IRQ,SYR
IRQ,TUR
ISL,SJM
ISR,JOR
ISR,LBN
ISR,PSE
ISR,SYR
ITA,LBY
ITA,MLT
ITA,MNE
ITA,SMR
ITA,SVN
ITA,TUN
ITA,VAT
JAM,NIC
JOR,PSE
JOR,SAU
JOR,SYR
JPN,KOR
JPN,MNP
JPN,PHL
JPN,RUS
JPN,TWN
KAZ,KGZ
KAZ,RUS
KAZ,TKM
KAZ,UZB
KEN,SOM
KEN,SSD
KEN,TZA
KEN,UGA
KGZ,TJK
KGZ,UZB
KHM,LAO
KHM,THA
KHM,VNM
KIR,MHL
KIR,NRU
KIR,PYF
KIR,TKL
KIR,TUV
KIR,UMI
KNA,MSR
KNA,VEN
KOR,PRK
KOR,RUS
KWT,SAU
LAO,MMR
LAO,THA
LAO,VNM
LBN,SYR
LBR,SLE
LBY,MLT
LBY,NER
LBY,SDN
LBY,TCD
LBY,TUN
LCA,MTQ
LCA,VCT
LCA,VEN
LKA,MDV
LSO,ZAF
LTU,LVA
LTU,POL
LTU,RUS
LTU,SWE
LVA,RUS
LVA,SWE
MAF,SXM
MAR,PRT
MDA,ROU
MDA,UKR
MDG,MOZ
MDG,MYT
MDG,RWA
MDG,SYC
MDV,MUS
MEX,USA
MHL,NRU
MHL,UMI
MKD,SRB
MLI,MRT
MLI,NER
MLI,SEN
MLT,TUN
MMR,THA
MNE,SRB
MNG,RUS
MOZ,MWI
MOZ,SWZ
MOZ,TZA
MOZ,ZAF
MOZ,ZMB
MOZ,ZWE
MRT,SEN
MSR,VEN
MTQ,VEN
MUS,RWA
MUS,SYC
MWI,TZA
MWI,ZMB
MYS,PHL
MYS,SGP
MYS,THA
MYS,VNM
MYT,SYC
NAM,ZAF
NAM,ZMB
NAM,ZWE
NCL,NFK
NCL,SLB
NCL,VUT
NER,NGA
NER,TCD
NFK,NZL
NGA,STP
NGA,TCD
NIC,PAN
NIC,SLV
NIU,TON
NOR,RUS
NOR,SJM
NOR,SWE
OMN,PAK
OMN,SAU
OMN,YEM
PCN,PYF
PHL,PLW
PHL,TWN
PNG,SLB
POL,RUS
POL,SVK
POL,SWE
POL,UKR
PRI,VEN
PRI,VGB
PRI,VIR
PRK,RUS
QAT,SAU
ROU,SRB
ROU,TUR
ROU,UKR
RUS,SJM
RUS,SWE
RUS,TUR
RUS,UKR
RUS,USA
RWA,TZA
RWA,UGA
SAU,SDN
SAU,YEM
SDN,SSD
SDN,TCD
SLB,VUT
SOM,YEM
SSD,UGA
SVK,UKR
SWZ,ZAF
SYC,TZA
SYR,TUR
THA,VNM
TJK,UZB
TKL,WLF
TKL,WSM
TKM,UZB
TON,WLF
TON,WSM
TTO,VCT
TTO,VEN
TUR,UKR
TUV,WLF
TZA,UGA
TZA,ZMB
VCT,VEN
VEN,VIR
VGB,VIR
WLF,WSM
ZAF,ZWE
ZMB,ZWE
